timestamp,value
1,18.1945610049007
2,18.7748828299676
3,17.6937980470538
4,18.0502088442523
5,16.5107471080206
6,18.9650695857954
7,17.4931807239284
8,17.1061939743661
9,18.1579327380956
10,16.6713188401115
11,18.224836162416
12,18.339344018447
13,14.558280364689
14,14.0377303389757
15,16.5093230119685
16,17.4631548908339
17,16.1204146434825
18,16.9043367873077
19,17.472114186896
20,16.7519514007039
21,16.5487468449954
22,15.9197264360941
23,14.0636931072169
24,16.2964383849914
25,14.7826949445796
26,14.2844770759724
27,15.3435549711714
28,14.2062798990842
29,14.6514653067989
30,12.8349967280649
31,13.7327112095495
32,14.5914424142515
33,14.9877954835567
34,13.0727253906006
35,13.1294600700514
36,14.8860071163571
37,14.9895403758028
38,15.6832014789973
39,13.1416121806652
40,13.5811033317295
41,12.053446682557
42,14.2393844969072
43,14.083936686642
44,13.6910614283341
45,13.7030235743603
46,13.6893465179143
47,12.1860538479882
48,13.3308223792591
49,14.4503642940726
50,14.0149203685908
51,14.8321258043901
52,14.0342949906799
53,17.0954847005457
54,14.8472669656976
55,15.9580099062512
56,16.7111723068332
57,15.6274801945499
58,15.8434127632159
59,13.9687347751055
60,17.6134576221824
61,17.6348626199809
62,17.1757155430534
63,15.6840174130439
64,16.8560621938406
65,16.7550052256056
66,16.6534670678665
67,17.1623509210053
68,16.285893762326
69,17.4797418204264
70,15.9450280281199
71,15.7773314910902
72,17.5017402972889
73,17.7876586051608
74,17.4528340483032
75,17.4501481813912
76,18.5322040640451
77,16.7833109306917
78,19.712735510044
79,18.2279619290563
80,18.8159916775867
81,18.0109772940509
82,17.2056407139145
83,15.8052931663564
84,18.6134778480067
85,17.7419211423641
86,16.3769398621608
87,17.0248650192612
88,17.7813466866801
89,17.7736713979918
90,16.0244874928252
91,17.5816267201702
92,18.6059180936896
93,16.4601997042006
94,18.2951762411785
95,17.8628533927633
96,18.0504738661106
97,17.6608006701011
98,16.1802965976292
99,15.7873297887436
100,15.3979687647492
101,16.5637667079971
102,16.4737163649247
103,14.2669037395264
104,16.8232516770531
105,15.3705000999533
106,15.2134903500244
107,14.0244378952195
108,13.3928005428259
109,14.2188650041275
110,16.3743578116001
111,13.8016249225405
112,14.4869800518406
113,14.4796498001361
114,14.8254136080178
115,13.6096787732721
116,13.3461571078972
117,14.9208382589847
118,13.105749314753
119,11.7628170681929
120,14.4437441777314
121,14.4921445485203
122,14.0037155016865
123,13.829373725803
124,14.1660701729926
125,15.0542119428177
126,16.3369652439784
127,13.4336634206431
128,14.4677787912664
129,14.3463354158804
130,14.6291659700058
131,15.2456641730858
132,15.848592218754
133,15.3982086140877
134,16.3671919642589
135,17.0386998591599
136,15.2307828573727
137,17.2569082334289
138,17.3319197956617
139,16.6498404065332
140,14.7471891276552
141,18.3256873211087
142,17.172451762875
143,17.3182854937842
144,17.1331144425987
145,16.7785207202817
146,15.5421800068267
147,18.4801802540942
148,18.6828135234049
149,18.4512440944901
150,15.8206440331494
151,19.0499629922735
152,20.2454196757892
153,18.9341321342889
154,18.8854546242157
155,19.1670029286563
156,17.3876822672757
157,16.5181079889277
158,19.540573591277
159,18.1435294915599
160,17.6977439831545
161,19.581006193306
162,18.6631367816964
163,19.863692555017
164,17.1746887285492
165,19.6412977710338
166,16.8446738029357
167,19.581113234336
168,19.5874543086907
169,16.7796574514735
170,18.4079376500554
171,17.2434563911085
172,17.8321670376114
173,17.9555582808747
174,17.6060735774591
175,17.6124522014844
176,18.443460632534
177,19.5039610185739
178,15.4840832175991
179,15.7164737819844
180,16.7956089680587
181,17.2496635437398
182,16.0707089141879
183,15.412940542572
184,16.3239724053267
185,18.2744546489329
186,15.7789539046498
187,13.6847885969013
188,13.5421133479883
189,14.0674842038613
190,14.4509529962565
191,16.8963925755457
192,16.7001099821357
193,14.1005190181649
194,14.2475319083953
195,13.5832110942847
196,13.9533567763324
197,14.8853667644017
198,13.2998427263504
199,14.688800784043
200,15.0323325688435
201,14.5340785487462
202,17.3941086868271
203,14.990731350459
204,14.880912864075
205,16.2405783618793
206,14.7121542273659
207,14.0163278377909
208,15.2984505415742
209,15.5531591687104
210,17.092549981579
211,15.9760093048327
212,16.3770069255286
213,16.5401671082691
214,17.3334303266921
215,14.1986415833785
216,16.8355942576033
217,17.3333519240193
218,17.3950770242367
219,18.9550376939786
220,16.1569924492694
221,15.438507409282
222,18.5551584169395
223,17.2281237739532
224,17.1910612590637
225,22.2309906884431
226,18.7558059301124
227,17.3366370785646
228,18.1988593996114
229,20.3118490062571
230,18.001937686691
231,19.8675621377886
232,19.7058470388509
233,18.0187157099156
234,16.9437088546033
235,20.3708092716254
236,16.4544220097607
237,20.1114007722478
238,19.3581199020485
239,24.2962595251211
240,20.6986738722703
241,20.9832739246574
242,18.3859149099182
243,18.2985329379982
244,18.3263972592098
245,19.5235775293207
246,18.1433916604761
247,17.8274147348037
248,18.1685221857241
249,19.6082090009048
250,18.8153872396654
251,19.0921602069886
252,16.3154389196697
253,17.1376255820112
254,17.3273011593121
255,16.7825246143137
256,18.2090251628534
257,15.6203957578836
258,18.0055418396273
259,13.4392440501984
260,16.2993362056508
261,15.3866145590946
262,16.5353988331511
263,17.3155530639197
264,16.582004301921
265,14.3282349355458
266,16.5642209794222
267,15.4967400703626
268,15.5159090776344
269,14.7358425466136
270,13.3170585974647
271,14.3673412675219
272,15.9502004384847
273,13.1401847165377
274,15.2853415156449
275,16.0390408656436
276,15.2598840945301
277,16.0612471823526
278,14.9344854871454
279,15.6138200195959
280,12.9654226800398
281,17.3158410080147
282,13.2165818767908
283,16.3900304856689
284,15.6461174823738
285,14.1907291378428
286,16.0379746593482
287,17.0989641820916
288,15.5119540886093
289,14.2688759678613
290,15.389272689236
291,18.4454672990005
292,17.5255763499319
293,18.4687284001217
294,18.5399086668382
295,16.9179126590697
296,15.8568236876648
297,19.7358327073308
298,16.3420890109477
299,19.2674941089878
300,18.41288392582
301,21.0292601078979
302,18.5480289756577
303,18.6106382068343
304,20.3086312931372
305,19.8122712320663
306,18.8334214440967
307,19.8492175825489
308,21.5881601609863
309,21.4159861436871
310,21.4517157034685
311,18.6719380746958
312,19.5288915097734
313,21.957747248267
314,20.1744854219695
315,20.3447765719892
316,21.1474034312005
317,23.2927710155544
318,21.092802182118
319,18.9334852788625
320,19.8832533529882
321,20.3497568977117
322,20.2063587304048
323,19.8598425586481
324,19.5511303271932
325,20.3200840733934
326,18.8734329516997
327,20.0729479608453
328,18.8266822750396
329,19.6471333975798
330,18.1549074337321
331,18.3723964658228
332,18.4653853999508
333,18.7035150772271
334,18.0430692724564
335,16.7288009550306
336,17.7198540775313
337,16.5419215101647
338,15.44075647221
339,19.8796129340047
340,20.6560781427126
341,15.7583861716614
342,17.009121097758
343,15.4865245949334
344,18.6441706192212
345,15.4925049173653
346,17.3126066505116
347,15.7993481986078
348,16.1207901518353
349,14.4181455791908
350,15.1737878052636
351,15.3118268699713
352,18.0912305447034
353,17.4254642319599
354,16.6832658155938
355,13.3074798062525
356,15.2466900150717
357,17.1489735336762
358,15.2099169454857
359,15.6491253553845
360,15.078729181027
361,15.8581238568402
362,15.6200826388216
363,17.0137459719458
364,16.3192762394514
365,16.808841235718
366,17.8955826948878
367,16.7396386686611
368,15.759190203536
369,18.5151847594506
370,18.3144754153368
371,14.7752526562262
372,17.7347077956613
373,16.9224785765539
374,16.6361766699169
375,16.2267526798396
376,20.7624801127782
377,17.4252598718936
378,18.4584252343722
379,20.9291000254463
380,17.9603895830216
381,17.9506263668271
382,20.3993688687378
383,20.5989307719663
384,20.7568345811715
385,20.184748436208
386,20.9077568503973
387,20.6774424994183
388,18.4697232962931
389,20.425500399354
390,20.885398807118
391,21.0397957467159
392,20.4888982858403
393,21.1727699734564
394,21.1853354027058
395,20.079279776332
396,18.5955165384419
397,18.0884827596567
398,19.1204525660518
399,22.1635219241246
400,21.3885712541516
401,21.4101549476339
402,20.5165425223204
403,23.4076849949326
404,19.4389053050344
405,18.8141510779526
406,20.2334847739199
407,19.8398650223106
408,19.0171999057287
409,18.3953303460092
410,19.7946849789793
411,18.9954505596161
412,19.9012554106708
413,20.4861973405947
414,16.8775909263936
415,19.1893117305666
416,18.8282144942603
417,17.4853006084252
418,17.3705280595711
419,19.7623665867128
420,19.1111190400117
421,16.4083331845421
422,17.4790717668903
423,17.355895969198
424,16.2768871926087
425,18.7336179994891
426,16.4954636782064
427,16.472775777675
428,17.0744556460715
429,16.6936722176325
430,14.4344310053331
431,15.0705802594433
432,17.9546957535817
433,16.5292636047877
434,15.1328058785773
435,15.7186899126264
436,15.8282346330099
437,16.3834471980116
438,17.9288118844278
439,14.4457722630913
440,17.7209899021964
441,14.1795592479593
442,16.4132994218641
443,18.4997224761189
444,19.1270579556767
445,15.6100930344872
446,17.5350224584007
447,17.006465375897
448,16.3496745550585
449,17.0660188666
450,17.6688654169215
451,19.9657116933186
452,16.444293792528
453,19.1273557812136
454,20.5385687769018
455,18.5682002347446
456,17.8653662206831
457,20.6810902892893
458,18.4500832199271
459,21.5019013979926
460,18.3637656647621
461,20.8234467147226
462,20.6426532079457
463,20.796521169388
464,21.0235629425483
465,20.7468218956477
466,21.4323309651141
467,20.8005362424326
468,20.5493760071605
469,21.9898498775178
470,20.4573305129154
471,21.1285960225429
472,21.5757042004613
473,20.3386422718508
474,22.2169267180047
475,21.5377779605867
476,23.4304539865994
477,21.527103276826
478,22.8252235637528
479,21.2989850689187
480,20.6621643149587
481,22.6826616077164
482,21.1015165938136
483,21.7409117696708
484,19.8429536494177
485,20.881320453034
486,18.6782903860185
487,19.8331578508606
488,20.5974151344473
489,21.2259393336567
490,17.6248672271031
491,18.7954786941659
492,21.0789730997523
493,17.1845700630012
494,18.5732255200347
495,21.0186379852197
496,18.1899520001346
497,16.275190737505
498,17.0126060823612
499,17.9929796616047
500,16.8340657563018
501,18.5337838204357
502,18.1151655028534
503,16.7246974683184
504,18.2132219471358
505,17.665785007854
506,16.6860463396171
507,18.144619479753
508,16.431771034668
509,17.7680500071244
510,15.1496187855674
511,16.5626451342966
512,15.7842464289354
513,15.8211191265564
514,15.7991966518878
515,16.4354233866518
516,17.5954791428098
517,16.4421159168113
518,18.4284806724304
519,16.6288084533954
520,16.9318593114607
521,17.6835366258868
522,18.4416898482929
523,19.0262404139466
524,18.303587287616
525,17.7085584032686
526,17.7037177984389
527,18.18461051433
528,20.763791501034
529,20.5377121180921
530,18.4095159560226
531,18.9635335891841
532,19.661894786707
533,18.3122070936313
534,19.6101237767721
535,20.6538413971558
536,19.9969644048745
537,19.1136611315457
538,20.1466892141444
539,20.9671928065781
540,22.0097148939935
541,21.9246254301531
542,20.2715260000862
543,23.1288826334182
544,20.2989403476283
545,22.4471548431854
546,20.957360997478
547,22.6417799758133
548,24.0062828000105
549,20.1973383610595
550,23.1406413709443
551,21.8103872688605
552,19.6971000526352
553,22.5129352976405
554,20.796445027448
555,21.5094361307625
556,22.2623585698
557,19.330858525435
558,22.5299534901652
559,24.3764902675952
560,22.8498957452066
561,21.9262738813433
562,22.2525715616033
563,20.6485051158075
564,21.6371745299945
565,19.5704194971734
566,18.6104813075711
567,22.0922570268345
568,19.7567001092701
569,17.5004754200687
570,21.1378650883425
571,19.5848288897846
572,19.3240727673674
573,18.1270896260433
574,19.6996574815536
575,19.5735131933527
576,20.0219563751456
577,16.7924088599213
578,20.3942405943038
579,17.0738236229506
580,20.5732656836468
581,19.672258879891
582,16.2032863269268
583,17.2530079030223
584,17.4051130288138
585,18.3368394468144
586,17.8238661540836
587,17.1481326796046
588,18.1006435484182
589,17.7619079944449
590,17.2655952299609
591,18.0699145377082
592,17.2245220574806
593,16.9550404917053
594,17.8116282780911
595,17.466820898167
596,18.0141288186508
597,16.5372079954545
598,17.9271493280548
599,16.8559174732535
600,18.3088338198139
601,18.6080419737987
602,14.7517770091485
603,18.3751407852371
604,17.8560373554628
605,19.2219774718799
606,15.8425782114154
607,19.109965203933
608,17.7252697999947
609,20.1726029310458
610,20.7859947151384
611,19.5069427664157
612,21.4318047205822
613,21.1801358805679
614,19.7192482364084
615,22.3979858583764
616,20.2762834531065
617,20.3624481741344
618,21.8097784967828
619,23.3349828048627
620,18.9613510268119
621,22.9728354285523
622,23.3153406357684
623,22.0170430109398
624,23.1622868173406
625,22.7851319280485
626,22.3713809411554
627,21.5269017383072
628,21.8971641392472
629,24.735594764137
630,24.9122320072359
631,24.9732032282042
632,21.1874974826607
633,21.6882415630375
634,23.1794757457448
635,20.3006394669184
636,23.2060305073061
637,24.5385208884796
638,23.0813579577172
639,24.439221875392
640,23.632053943002
641,24.2971923776631
642,23.1446239081613
643,21.9485529004887
644,22.0408601678051
645,20.5223226022452
646,21.5266189134118
647,21.7765668508988
648,21.93911213109
649,21.8039297588668
650,19.9546847140272
651,22.2204764704554
652,18.3902760956713
653,20.3028970949522
654,20.2234063053524
655,21.0926788091076
656,21.0520886503521
657,20.5397955640098
658,17.9148776745532
659,18.4519874217396
660,18.7903097902078
661,18.0092060551815
662,18.6872248501129
663,17.3370312208721
664,18.6799501581365
665,16.1392317514086
666,16.955758045813
667,16.2991249451036
668,19.508708823172
669,15.4605061062006
670,19.3992121810554
671,14.7954074604056
672,15.157914430481
673,16.3828976037861
674,18.3658007022687
675,17.3818306319873
676,16.5739486661766
677,18.3943484753822
678,17.9327638866998
679,19.1634121112371
680,17.1013352309489
681,18.9007996296456
682,18.502790840291
683,20.6915031613237
684,17.7277165082704
685,18.7263662895362
686,18.9026759001941
687,21.701463043001
688,19.2752051055975
689,21.2947083687015
690,22.9775448180837
691,19.8465667645047
692,21.1096002830532
693,22.2509068090348
694,23.9138899103398
695,21.2631094731799
696,23.6574708993773
697,24.5030468480705
698,23.1033720393329
699,20.0140840167431
700,23.7584188528128
701,24.3572123791948
702,22.4622760987801
703,22.531958680753
704,21.8145039573493
705,22.8258999666178
706,21.5057951792188
707,21.078799109479
708,23.3968251430749
709,22.67912528987
710,24.8956910543531
711,21.8858157580383
712,22.7435887812583
713,23.3520427825382
714,22.8882000079704
715,24.3297046265837
716,23.5612305632069
717,24.2508231500281
718,24.378556306459
719,22.2250188675011
720,22.860852202515
721,22.6328470972834
722,23.7292431693017
723,23.1876958225227
724,21.7784853306893
725,20.5122344722204
726,20.3472284568134
727,19.4895034934345
728,20.5033571443405
729,21.4885062872
730,21.3279154444547
731,21.1470208654673
732,21.6285789272609
733,21.3032574302305
734,21.4047816018438
735,18.3289734029497
736,20.9774912417962
737,18.8900319169192
738,19.9100099475487
739,18.3186205493045
740,19.5377329692342
741,18.0598348048333
742,20.3010977107114
743,18.478391412684
744,19.4635531268802
745,17.7176668866364
746,17.2726763684085
747,17.2642801836266
748,16.3992901917753
749,16.1400833281761
750,18.7886019005985
751,18.7355438929779
752,15.1430367559739
753,20.9281456362428
754,18.8912082020504
755,18.8587099710871
756,19.2376300197645
757,16.7367162590269
758,19.1832841655924
759,20.8828861899798
760,19.4099395496165
761,18.1634183121472
762,19.8670011331853
763,20.4650227180225
764,17.6944637596602
765,20.357623946052
766,19.4746134925096
767,19.9196483370781
768,21.3840085715712
769,21.2849816083308
770,20.861725637604
771,23.0797843195148
772,23.5373839934488
773,24.0090986560588
774,21.894552575998
775,21.3089637734019
776,19.8825652514564
777,25.6325248315614
778,21.3733669667632
779,24.7930678812497
780,21.0211817536196
781,22.4513501131853
782,22.4430446254428
783,23.6211563834588
784,23.5874279094649
785,22.2955755884175
786,24.562290714208
787,23.9707915406161
788,21.713356222701
789,25.9995510320264
790,24.3204623717284
791,21.5610768735153
792,22.2248889242129
793,25.1755155345288
794,24.1049799147316
795,24.2045500337859
796,26.4209355959633
797,24.7333432616134
798,23.2312679396513
799,26.0477017495953
800,24.9652182655545
801,19.8367225975837
802,21.9767886490859
803,22.3238581424254
804,21.3181918088144
805,24.3782737651417
806,20.8967631704192
807,22.3979797224118
808,23.6311641892628
809,24.1178747918128
810,19.7892252051003
811,19.6261142589631
812,19.7498066875135
813,19.9912969637214
814,23.1829560653472
815,22.0865131082928
816,19.5343783127775
817,22.9806381017085
818,17.9986329527317
819,20.2967503105292
820,21.5775146445733
821,18.4452548318991
822,20.4306900469107
823,19.6039277633214
824,18.3555090056866
825,18.0159589940662
826,15.7666447704267
827,20.3061708790001
828,15.9553486537157
829,21.9671941699934
830,18.5532075513813
831,18.1544119823911
832,16.0101082179263
833,16.8683875727727
834,19.5883864849611
835,19.2023215680873
836,17.237712334277
837,18.7328348299423
838,20.6754786644216
839,19.6681253077386
840,22.5039549688476
841,18.1019897263323
842,19.3027529926635
843,21.6977544505308
844,21.0420284273696
845,20.1368986613492
846,19.6721637597935
847,23.4038035634832
848,22.0748516991682
849,20.6299949198693
850,22.843010111882
851,19.9668015687602
852,24.7752479113498
853,22.6452611435666
854,23.2124558713359
855,22.0325974308236
856,21.265269238574
857,25.0764973412162
858,23.6492802085709
859,24.7165852832101
860,26.434744161861
861,25.5978349566176
862,24.3288710355277
863,22.1349613531526
864,25.0068517934663
865,26.1111148053035
866,27.0694155356103
867,25.698972335998
868,25.037028338262
869,22.8497520377625
870,24.6043531617303
871,24.3967106960243
872,25.7937568561941
873,21.9916611833763
874,22.7559488474233
875,26.4645826445705
876,23.8919636785588
877,25.7903640619202
878,22.7240211853342
879,24.4108843248372
880,22.7353806045589
881,24.0531828852251
882,24.5872128178999
883,24.7970260509714
884,23.8277642928194
885,25.6391416508865
886,21.6970756570653
887,24.6322153273237
888,20.3620518182811
889,22.0577168079358
890,19.6063215495531
891,18.9934297509774
892,22.6649163984156
893,20.2968724778747
894,21.5938996990954
895,19.0786850544031
896,20.7223980015783
897,18.7617436122383
898,19.8522090627941
899,20.2680794418027
900,20.2558519514493
901,20.3875422067523
902,20.5548257592133
903,19.9076505604755
904,20.8069076283372
905,18.5673909027201
906,20.2883780270166
907,19.6061372465146
908,18.3178507974337
909,21.2219423407107
910,21.0684079896613
911,19.1543821491768
912,21.6442428272791
913,18.8168229386528
914,17.1578081140871
915,22.7342850952211
916,20.8601824894834
917,21.8745495859027
918,20.6913118476287
919,18.2089826022815
920,23.4677777817965
921,19.5708502738493
922,21.7011541112796
923,18.3864987326462
924,19.473751555132
925,24.3547026869809
926,21.635791711899
927,24.0569982803232
928,22.9876592568877
929,25.1811340112666
930,21.1150111786508
931,23.5843806424004
932,25.7391270343566
933,22.4297152922671
934,22.7926515174865
935,24.3012010423206
936,23.0655705075802
937,23.9094161806029
938,26.6794342521984
939,24.7237115056566
940,23.22039083385
941,24.7142519921675
942,27.1402871517114
943,26.8101238289707
944,24.0647810013916
945,23.7968856642546
946,27.3918456338533
947,25.6070288575216
948,28.9894444262895
949,26.2744964395458
950,26.1551903126442
951,24.5207928797652
952,24.7293426875765
953,25.9922251005043
954,26.0861281619295
955,25.262831960328
956,21.9459209866423
957,23.7307007896396
958,24.2357481947771
959,25.4514683019446
960,23.949910293576
961,21.9425669614142
962,22.6787219308372
963,22.1392448993323
964,24.2799318131057
965,22.9523435636733
966,22.5986594113106
967,21.3137958541701
968,23.278145735844
969,22.7839242921587
970,20.906596867971
971,21.3652408486888
972,21.5217124206686
973,20.1517383054752
974,23.3151467865621
975,18.6086356134383
976,21.1942458740138
977,19.394200268333
978,20.0354220529309
979,19.0685700611281
980,23.1984651413596
981,21.0696001236126
982,19.9269979860727
983,21.4193561717895
984,17.7014343386672
985,20.0725163878482
986,19.3039110788561
987,18.9516379618925
988,19.105608405397
989,21.9553834762649
990,18.0200697824377
991,21.1628703785598
992,19.716005509693
993,21.1027778988735
994,21.9475422062578
995,19.5177342700327
996,20.918314665964
997,19.4128685894791
998,20.27586009346
999,21.4425336503699
1000,21.3463459143042
1001,20.4421781265495
1002,20.5646979148114
1003,22.2021783955348
1004,21.9723081287696
1005,22.0911410997038
1006,25.2695505979222
1007,21.2758505492102
1008,23.4139184051233
1009,24.5617851232789
1010,22.5095622439833
1011,24.8278627889991
1012,23.6377287536882
1013,25.4978871108375
1014,24.5180958990747
1015,25.0647268887992
1016,25.7980770909485
1017,23.4284155755795
1018,25.5473684617447
1019,24.9689411053181
1020,26.2292845270542
1021,25.8513096378458
1022,26.5267989655052
1023,24.9054865705697
1024,24.2332875545916
1025,27.6800269232338
1026,23.419174157213
1027,27.1825874104306
1028,24.940487016147
1029,28.1565175807919
1030,25.7756010625958
1031,25.4928756503227
1032,28.2440785663365
1033,27.5694502624919
1034,24.3560145011242
1035,25.9485062591789
1036,23.8245006201229
1037,23.7021254844626
1038,23.3949339717298
1039,23.1106628201902
1040,26.5191931998067
1041,23.2623863518505
1042,22.983817098819
1043,25.1122112634018
1044,23.3231721208537
1045,25.4041726908001
1046,23.3364637511785
1047,23.0192530567142
1048,24.0689474873039
1049,22.5314366438191
1050,21.3222905750408
1051,22.5072307185506
1052,23.3740632124694
1053,19.3407854424826
1054,22.4449874287282
1055,22.828959324639
1056,19.1869848817756
1057,22.3317258759761
1058,21.9689013736532
1059,18.3084055234413
1060,21.2363909436267
1061,20.2576182309835
1062,19.505215655201
1063,19.9335307225544
1064,20.0382673989578
1065,19.0932316900494
1066,20.3179628583529
1067,18.3834528144996
1068,21.8125061371692
1069,22.7732327467983
1070,18.3204835300754
1071,20.4021116569391
1072,21.5048664950293
1073,19.9609589120925
1074,22.6153799568124
1075,17.8896547512111
1076,24.1163290686809
1077,22.3702464892968
1078,23.1440714097736
1079,22.066294306957
1080,22.2313373173552
1081,21.4929879482764
1082,22.4809812444057
1083,22.8083659513149
1084,23.207544719947
1085,23.4696461326463
1086,23.83733010271
1087,25.542725505368
1088,28.0846687081992
1089,26.3886679799753
1090,24.3867203616737
1091,22.9483163966011
1092,24.3461862242558
1093,26.5283298756352
1094,27.0722767007428
1095,23.86718284595
1096,24.9418439947688
1097,24.511619378391
1098,26.4910054165547
1099,27.505316315486
1100,27.3516209593659
1101,26.4250023681688
1102,25.9299769779935
1103,24.8063836477906
1104,28.4932476358034
1105,27.3009669402708
1106,28.1046004362899
1107,28.3917719713474
1108,26.5764197725398
1109,27.310446392223
1110,28.8646840718801
1111,26.0018443131727
1112,26.1110487076468
1113,24.7199640171541
1114,28.0171259285698
1115,26.9457020440028
1116,24.5758034186605
1117,25.064450494207
1118,22.7936035629465
1119,25.2419535183889
1120,23.4076295964431
1121,26.5709130969548
1122,23.4486067473721
1123,24.5228114763365
1124,22.4680253035391
1125,25.8386189145623
1126,22.4329172736566
1127,25.8185179773391
1128,23.1326236570829
1129,24.4199044581157
1130,24.6153841093686
1131,23.9892316655863
1132,23.0314410614962
1133,20.5471127058679
1134,23.2341872381117
1135,23.5927164520295
1136,21.9425805449631
1137,20.748840241492
1138,19.8723169699349
1139,22.1457080403461
1140,22.1788527499497
1141,20.3509762730846
1142,19.7272914536918
1143,21.5026137979674
1144,25.2884130497983
1145,20.7993786750743
1146,21.4654081518292
1147,22.4878188141142
1148,18.2535961933577
1149,17.446962510778
1150,18.2966336824708
1151,25.2326478014044
1152,20.254754509917
1153,20.9770691675926
1154,20.0297114634174
1155,21.4544100399763
1156,20.8677387509329
1157,23.4536218991187
1158,21.4649984995072
1159,23.9031930726543
1160,23.2131399141067
1161,22.2503365039626
1162,21.4408408394731
1163,23.2239664373108
1164,23.4087756457267
1165,23.6769144212545
1166,21.9019552899646
1167,24.7726686410586
1168,24.2251022438745
1169,23.9216354700438
1170,25.7497058904548
1171,27.3008637774418
1172,21.9707698252353
1173,23.1533071892788
1174,26.2261686633109
1175,29.1674183799806
1176,28.2841045993268
1177,25.772803831374
1178,28.8671821932775
1179,25.7536044390098
1180,28.9636105045709
1181,27.6232276664834
1182,27.6980423645685
1183,25.3449304704048
1184,29.3364907434775
1185,26.7428129791438
1186,25.1198222542534
1187,26.7632025762473
1188,28.6723183718931
1189,25.6194399075445
1190,27.2700964990385
1191,29.8239884752338
1192,26.8277995626911
1193,26.298169205609
1194,25.5748614948843
1195,28.2017130755005
1196,27.6426151271016
1197,25.6811832711675
1198,22.5714754951018
1199,24.7990914174148
1200,25.6779975590393
1201,20.8454738201657
1202,25.6791385279097
1203,25.3652247654728
1204,27.2392026307447
1205,23.3315451302575
1206,22.8386995734358
1207,23.8714094040802
1208,23.7352148619379
1209,22.1411638558235
1210,22.6903010846801
1211,24.2974827099123
1212,24.8676564695485
1213,23.629148359197
1214,23.6014266680022
1215,23.2237227725
1216,21.5575038699967
1217,22.1108105369034
1218,22.6485570341129
1219,21.8541335634584
1220,21.6560636516876
1221,22.3906376268357
1222,22.7043153724223
1223,20.8790718062668
1224,21.1659101333664
1225,21.2327102325468
1226,24.5043940413562
1227,21.5791042428125
1228,22.9372324789165
1229,20.6532492591589
1230,20.5103025551317
1231,22.3049913460528
1232,25.5157671549952
1233,23.0947279802525
1234,21.3853365101352
1235,23.2376172646856
1236,22.8763596817904
1237,22.9550932708797
1238,26.0669663324427
1239,23.7036351747158
1240,23.0325252465938
1241,25.9063974333036
1242,25.8485374108595
1243,21.7292028323644
1244,23.2727258484137
1245,24.6751918139605
1246,24.1613910001181
1247,24.6098525976498
1248,25.9538762919644
1249,24.558390719718
1250,28.1517100121944
1251,25.2190508613263
1252,26.7628822841917
1253,27.0378847854602
1254,26.0844442903684
1255,26.8740572119927
1256,25.7335213722578
1257,25.1103938489706
1258,28.9674285546238
1259,26.1133529098914
1260,27.0470844670236
1261,28.531124461852
1262,28.0202196514981
1263,29.7340167813952
1264,30.5633069339954
1265,29.0056379066352
1266,29.4781169377906
1267,27.0187210087095
1268,29.0124914989578
1269,25.2562714255263
1270,29.476095667836
1271,27.1378026938556
1272,32.9547073975213
1273,29.552187986829
1274,25.573600233529
1275,25.8979298681012
1276,27.7570594217236
1277,26.4078707708239
1278,29.149426525035
1279,25.8609338273101
1280,27.4239246863445
1281,25.3068937938314
1282,28.3961286161871
1283,28.4634795322912
1284,24.390369042416
1285,24.2165187215296
1286,24.8630729158544
1287,23.2707493398559
1288,23.9534242918998
1289,25.9792007938661
1290,24.9443679608763
1291,23.817970608001
1292,25.5686903443251
1293,20.5844529826834
1294,21.9566008011875
1295,23.4984013046681
1296,23.7412405892533
1297,25.4538997914489
1298,23.0398601483064
1299,25.0572558292368
1300,23.9041790739887
1301,20.7914891207395
1302,20.1701289765262
1303,22.7745411992054
1304,23.6257736250085
1305,22.626051665567
1306,23.467473787893
1307,22.0074220967124
1308,21.0647729535134
1309,19.3243729180021
1310,21.5615050783426
1311,22.2779669057025
1312,22.4245110194059
1313,23.0968340766894
1314,22.7460552018477
1315,22.5943936373438
1316,24.1127186254395
1317,21.2611173882445
1318,21.2748508154746
1319,23.6845503232878
1320,24.9673193537696
1321,25.9192589593651
1322,26.4129436228506
1323,25.7656290889024
1324,28.1529849002832
1325,26.2974864085207
1326,27.0971174231877
1327,26.9644396248184
1328,26.2755197064357
1329,26.7211784805803
1330,28.8524937239906
1331,30.0844334818664
1332,28.0828622461469
1333,29.0001311678464
1334,27.1897999587811
1335,28.7250392070252
1336,26.4049335187982
1337,28.5499998617332
1338,25.7480656529492
1339,27.3785888725289
1340,29.5623259172427
1341,27.9887458703923
1342,27.1562188913337
1343,28.7243030921454
1344,27.7285448513245
1345,25.1312651658688
1346,29.8861835273982
1347,29.637436903176
1348,30.1864338690016
1349,27.0218395559391
1350,27.9578658510503
1351,25.7131620949675
1352,27.5498676537554
1353,26.3872525221047
1354,24.6876019678399
1355,25.8111175216536
1356,28.3527749318826
1357,31.0052970315458
1358,26.9907447857057
1359,24.965121074964
1360,28.2035078787847
1361,22.7936649854412
1362,25.1522309815988
1363,28.8318587688533
1364,23.9964504760772
1365,24.954181091015
1366,24.2222676616482
1367,24.6364991116536
1368,23.9949606475293
1369,24.1931282290697
1370,23.6211627545019
1371,25.2706954859723
1372,24.7565397596921
1373,22.638154539904
1374,25.7671443160328
1375,23.6681917837182
1376,20.6015266624669
1377,20.0557450061567
1378,23.1301356056511
1379,25.050316421908
1380,23.0268915008353
1381,21.7832169815742
1382,22.8536128095767
1383,23.0192992651297
1384,23.4443112456335
1385,23.8696497789416
1386,22.671410689211
1387,20.8365442290639
1388,23.0115526328378
1389,26.0751295760746
1390,23.6176603179809
1391,24.397470196381
1392,20.8368825732322
1393,21.5506118361754
1394,24.8300852733495
1395,23.0198984486581
1396,20.9666738017022
1397,24.9731422695341
1398,25.3569002800851
1399,25.3777911037837
1400,25.4913573461739
1401,26.145830897172
1402,28.8413492764444
1403,29.4667253044343
1404,27.3550639805769
1405,26.3332946296367
1406,27.1852722850131
1407,27.1222722691205
1408,28.5603286274824
1409,24.7893762209288
1410,26.8816313521169
1411,28.8608196389478
1412,26.0288178412449
1413,27.4240906350837
1414,30.8993383411348
1415,27.4769411048926
1416,33.9433584602918
1417,29.442033600227
1418,33.1666955075544
1419,28.4460742701209
1420,29.173434807397
1421,30.2800337727297
1422,30.1000587144231
1423,27.4967716159654
1424,30.2096583267351
1425,27.2855708925845
1426,28.8961745448031
1427,27.73136594679
1428,28.646165037592
1429,28.0903412228363
1430,29.3152024321378
1431,25.7715022266238
1432,33.470118707672
1433,26.3612400134444
1434,29.0020985162577
1435,25.7237681014897
1436,29.0970181758947
1437,29.8123614333938
1438,27.4855186378021
1439,25.4264777508714
1440,26.1491493063784
1441,25.6068833089431
1442,25.01080195193
1443,25.2870892932167
1444,25.7675363228386
1445,26.5300936428644
1446,26.506400173938
1447,23.7727718800179
1448,25.9533333673526
1449,21.3347689050893
1450,24.0669532126819
1451,24.5024597947046
1452,23.7222784105138
1453,25.3725391808366
1454,21.2432467031118
1455,22.2153741988971
1456,24.9466126878617
1457,20.9165331618509
1458,20.548046600426
1459,23.632812952246
1460,23.9352873804178
1461,23.4274821139907
1462,21.3715280431387
1463,23.2061543632903
1464,23.7550966355293
1465,23.0510290199816
1466,22.3188149124998
1467,23.1472060596639
1468,25.4384267238738
1469,25.6344938566355
1470,26.848462113759
1471,27.1245789874378
1472,26.4173082053758
1473,24.2020628294679
1474,24.322391299764
1475,24.6028275445389
1476,27.6134875204652
1477,24.6191999742723
1478,27.365732384201
1479,23.269823369984
1480,27.9380702898427
1481,25.1319172265436
1482,28.5603376448796
1483,27.614138460941
1484,25.5272633754655
1485,28.4160628821691
1486,27.8686963373756
1487,26.5472804924775
1488,29.8133331463927
1489,31.0756394200877
1490,27.9544804878837
1491,29.2006755486448
1492,30.2284681920643
1493,31.4031930191753
1494,28.9264833386217
1495,30.4034212966504
1496,32.8312653811378
1497,29.5270588085944
1498,32.5295066282735
1499,30.4750413155501
1500,31.5337963992217
1501,31.1272451045242
1502,29.7002141065613
1503,31.5690767411096
1504,27.3019527982451
1505,30.4400579686548
1506,30.6546292499064
1507,26.4756431509083
1508,29.6643774577376
1509,29.0897746570345
1510,27.0511964936527
1511,32.0867019766258
1512,30.0480747520528
1513,28.4893880897121
1514,31.0576201585689
1515,30.1512636995329
1516,28.4679138588608
1517,24.905879125568
1518,29.5986827750143
1519,26.7932989075292
1520,27.0195332281457
1521,25.0008534447407
1522,23.2725070335988
1523,26.4168714842538
1524,23.1724473141646
1525,24.2900547572584
1526,29.1344358425955
1527,23.9524101648488
1528,23.7509911406866
1529,25.2595541891071
1530,24.7502611326233
1531,20.3010767447026
1532,23.2286562120502
1533,24.1922101090624
1534,22.4602085844096
1535,22.8541778637703
1536,23.4432541778919
1537,19.3978722170871
1538,22.6345255430092
1539,22.424950151681
1540,22.2057657890337
1541,22.9652383169165
1542,21.7621307485024
1543,23.8485630271976
1544,25.529227390387
1545,22.6974057094571
1546,21.2557636565877
1547,26.9989356717342
1548,22.9726102321327
1549,27.036125604394
1550,24.3758619066874
1551,29.3702306569498
1552,26.1993710039159
1553,24.4441932203511
1554,24.0854839031952
1555,23.2203674174782
1556,24.1733718189255
1557,25.2382618036537
1558,25.8472212003362
1559,23.8725931503441
1560,28.3901543560674
1561,25.0109979999441
1562,28.939904149337
1563,27.3792501789252
1564,30.7329298764868
1565,30.8277425020767
1566,27.9818464820128
1567,38.4051167123135
1568,27.9838249661301
1569,29.8117229397351
1570,29.1313782391528
1571,28.4867384162041
1572,31.300073057031
1573,31.9097670389147
1574,30.1287843083989
1575,29.9306067197834
1576,25.8263864298229
1577,31.6939595239725
1578,31.6121132118494
1579,31.7014715191335
1580,31.2339129486985
1581,28.7711908735919
1582,32.395617359827
1583,30.8863699598878
1584,32.023374966036
1585,28.9248170997289
1586,29.3476659054362
1587,25.9135873018891
1588,31.3063099464548
1589,30.5167921451504
1590,30.045408962073
1591,28.7432884856871
1592,32.0351114126123
1593,34.0001588761495
1594,27.9895358445802
1595,27.5292248998356
1596,22.6201128959202
1597,26.2184347668909
1598,29.6149085656634
1599,27.4798945771109
1600,27.788933605597
1601,25.7094320527265
1602,26.8061676891051
1603,24.7562095687919
1604,23.9350965823592
1605,23.4924007029303
1606,28.0213175611755
1607,25.5738515058488
1608,25.5353801700935
1609,26.1116914901705
1610,25.7370699438566
1611,24.8149833764735
1612,22.2458307729645
1613,24.4261155395447
1614,25.326751355676
1615,27.2087427379228
1616,25.7257171227041
1617,23.074368344148
1618,26.1890021991728
1619,25.3202199216437
1620,23.5900192682045
1621,22.8336249872367
1622,25.7521534317956
1623,23.204035720024
1624,26.604619753093
1625,23.1595087923891
1626,25.2525815225692
1627,24.7698053925798
1628,26.2067098128962
1629,28.3106009285016
1630,27.383123089141
1631,22.9980141607222
1632,25.3643419897596
1633,25.595107485461
1634,25.4919181158798
1635,31.2656809620229
1636,28.2368401611388
1637,28.3255043876175
1638,22.5308934566607
1639,30.827144095935
1640,26.1418369992485
1641,30.2132455651188
1642,29.4253955426245
1643,26.5758058544096
1644,27.51467718077
1645,30.4827291432854
1646,32.2513094144734
1647,31.362130235986
1648,31.2720708096742
1649,28.3478715904208
1650,29.6367885449409
1651,31.4552757851989
1652,31.0220157502986
1653,30.5815920053773
1654,29.7543956362653
1655,33.5323387955772
1656,32.3799754746974
1657,31.4225526883551
1658,32.4575712534094
1659,32.1921079674138
1660,30.0480832114624
1661,31.4936474800046
1662,30.2142849889702
1663,29.6657114240683
1664,26.4642723052213
1665,32.9747422532835
1666,31.7612125077215
1667,30.6830744161788
1668,30.3395070954474
1669,29.994287322889
1670,30.9444380150807
1671,27.2272110476184
1672,32.2520505276464
1673,31.9772540067743
1674,26.3646171079318
1675,28.6201775807486
1676,27.6221465091709
1677,31.0789109131282
1678,28.372219092779
1679,26.2166342480509
1680,28.862552637128
1681,28.6891340752385
1682,25.4307867143402
1683,27.5430279377674
1684,29.2106268902329
1685,27.4635302445045
1686,23.157583964243
1687,23.3580595488458
1688,26.3218083650338
1689,23.8466068450176
1690,23.63711356395
1691,23.9264256363717
1692,26.2790412707764
1693,22.7164157898357
1694,22.8367102512339
1695,25.1154364052865
1696,23.9971926415889
1697,26.2915914868993
1698,25.0772919684259
1699,24.9526244697955
1700,25.4391778966497
1701,23.8245194136973
1702,25.9232449953649
1703,26.4777282589125
1704,25.1993291267343
1705,27.6012337383664
1706,26.8115028666526
1707,23.9444743723731
1708,24.4834800093634
1709,27.0147888569306
1710,22.6773488993465
1711,25.3783852669631
1712,25.9996074730242
1713,25.0368306818936
1714,28.0138285806146
1715,29.1665606300891
1716,26.6583958670974
1717,26.5166454060383
1718,30.2706814917568
1719,29.4193709728962
1720,31.6237622616598
1721,33.6234130697802
1722,31.1266944666274
1723,30.4415317233327
1724,30.8165009708227
1725,28.6460466015993
1726,29.6989045934817
1727,31.2574303540427
1728,35.5202621814027
1729,32.5329034045477
1730,30.6854013038148
1731,29.6269370760222
1732,31.9739710792821
1733,33.9472066972325
1734,37.3342546690122
1735,30.8014328448564
1736,30.2979617269203
1737,34.0756450838879
1738,30.8484619007994
1739,33.9588685481692
1740,34.0950702129291
1741,32.8555264627364
1742,34.5021954581587
1743,33.392624506889
1744,28.1606560843325
1745,29.0374346348782
1746,29.5643832353723
1747,31.3593261363819
1748,32.2882588409446
1749,29.5319011490759
1750,29.0054009421384
1751,30.574469582777
1752,29.3976346836201
1753,27.3146295987513
1754,27.5630517064842
1755,26.5258006575573
1756,26.2997780903287
1757,31.7070017122291
1758,29.207759168554
1759,27.8427818303078
1760,28.0957838586922
1761,28.9045210485465
1762,26.5867994949581
1763,27.4453859461025
1764,27.2670635979281
1765,26.2196968633845
1766,24.5676190869116
1767,26.7356469972361
1768,25.059810531127
1769,29.9132764580255
1770,25.8897629072332
1771,28.4689055807112
1772,24.2977206503438
1773,23.2896707498103
1774,22.0381160580377
1775,22.3211505522396
1776,25.924750141449
1777,23.5391096585292
1778,28.2773761283788
1779,23.1754150752781
1780,23.2417499711828
1781,27.1722955187452
1782,25.331993587629
1783,23.5684745657226
1784,25.2047349848717
1785,28.8380171794827
1786,26.217576749133
1787,25.2870786611242
1788,24.7759580235156
1789,27.195552032939
1790,27.7377817986863
1791,28.1293772961657
1792,28.4517214570606
1793,26.563170052464
1794,27.5964586511969
1795,30.7933706096742
1796,25.7268599197701
1797,27.9540703589085
1798,28.4955517954324
1799,29.3688723636544
1800,28.0677614994609
1801,32.4428719560634
1802,32.3409927922516
1803,32.3408722345037
1804,29.8057326876281
1805,27.854159593508
1806,31.3051643489557
1807,33.351308696805
1808,38.6924633778735
1809,32.0573216448584
1810,30.2058972165221
1811,31.0566072484053
1812,34.9520795814698
1813,34.6249391855044
1814,36.0942427993256
1815,30.0599884975661
1816,31.0448602490233
1817,31.9863416351648
1818,33.0267709315651
1819,33.5363318032945
1820,35.1911551016332
1821,31.5632253122601
1822,33.7186365725012
1823,32.6135245699542
1824,33.0434389639253
1825,31.0838993365564
1826,31.5990418392385
1827,31.1538730498066
1828,34.3160617214992
1829,35.2064029554977
1830,31.6438704414875
1831,30.4535445107128
1832,30.6538923851619
1833,27.3061111683017
1834,32.4816863241441
1835,27.4858879505293
1836,27.7460212570284
1837,24.255649670274
1838,29.3541922085616
1839,26.9511660313668
1840,28.6750626050251
1841,28.3180171769145
1842,26.6722182252853
1843,27.6560746211814
1844,26.0374869769574
1845,24.7151452825907
1846,26.7939257115767
1847,26.9529504098445
1848,28.4651282408939
1849,25.9676079283776
1850,25.988023753692
1851,24.4581640188316
1852,23.7390836014274
1853,25.5002340956105
1854,25.5490382116834
1855,25.5864302167046
1856,25.1120336653817
1857,23.5744572536884
1858,24.2325926997568
1859,26.7114661087145
1860,27.8124238465906
1861,28.7329359691399
1862,26.9006957383421
1863,26.4606649998307
1864,26.5188830952125
1865,24.8795897856379
1866,28.0336322652491
1867,28.9561071605759
1868,30.1475111762016
1869,24.580982077276
1870,29.1735768448057
1871,32.4976009257393
1872,31.7353606482873
1873,31.4471034330711
1874,31.0808309339576
1875,26.6049645216005
1876,28.7460110001931
1877,27.2754132333962
1878,29.5093484609506
1879,29.1021236303911
1880,27.6656641350775
1881,30.4480086050966
1882,30.9158548432144
1883,31.1589643818471
1884,30.0357102895789
1885,29.0730584111585
1886,33.4435105375041
1887,35.9801387877595
1888,31.9300221305447
1889,32.5667887182802
1890,32.0019041198672
1891,31.7536634748696
1892,33.7047575806512
1893,31.8367387854301
1894,34.1371248660208
1895,36.5831608022861
1896,36.3302750842367
1897,34.664042434671
1898,34.2067918775021
1899,33.6971196837896
1900,34.7794528398097
1901,31.9097003546474
1902,35.6232419542987
1903,32.3887749868698
1904,33.2769491068693
1905,33.6413749672754
1906,32.8500837114535
1907,30.2725084946512
1908,26.4258871077883
1909,29.8498731784339
1910,30.2298765334167
1911,30.6771993170891
1912,31.3583114913359
1913,28.5254933913018
1914,32.134319490778
1915,29.9620621957629
1916,29.8185691058084
1917,28.7048082605293
1918,28.9436487242612
1919,26.4116978385658
1920,29.8009104384202
1921,30.6005718828355
1922,23.9716611760487
1923,27.0695293837489
1924,27.8541559138714
1925,27.8266675834973
1926,26.2956413844673
1927,25.7518393813561
1928,26.9818185449182
1929,26.3558899302047
1930,29.0433417886513
1931,29.0575427835384
1932,26.3715650942233
1933,27.1136641295445
1934,27.0559186983694
1935,23.4269322023717
1936,24.4682577936674
1937,25.7919044226758
1938,32.605397027922
1939,27.4473622897411
1940,25.9407254304994
1941,24.5363739252638
1942,27.7807564431407
1943,23.3321619656442
1944,24.115663595028
1945,28.3068275958526
1946,24.7200474191796
1947,26.8368738991594
1948,24.8629131337948
1949,29.0088399403022
1950,26.81727737919
1951,30.0261243321858
1952,28.6892554288839
1953,28.7185552825854
1954,33.9134424592376
1955,27.4349984268575
1956,30.3214306582746
1957,29.967194448057
1958,29.7382515486648
1959,32.3373676317182
1960,33.8286640878645
1961,35.3784718318339
1962,29.9847668478552
1963,31.043113647164
1964,30.2002752454376
1965,37.563011542427
1966,34.4821407029792
1967,33.4154226072554
1968,28.3131757731317
1969,34.1222195030032
1970,39.2498545961864
1971,33.0850429318591
1972,30.7158615874709
1973,33.6261888212053
1974,36.1530514584943
1975,33.4026329904213
1976,30.6921864648789
1977,35.5306916235227
1978,33.3653057534321
1979,36.3027115882165
1980,31.8372886326173
1981,33.9860320225975
1982,30.7019947812809
1983,32.0365058384373
1984,32.5022379836149
1985,31.6978681932989
1986,32.9087501030114
1987,33.0209724372068
1988,30.3291264564155
1989,34.1674929868042
1990,33.3231492584264
1991,34.106911416824
1992,32.5194466019741
1993,31.938949476349
1994,29.6545129436067
1995,29.4658035041404
1996,29.8565058271485
1997,30.1925133428122
1998,28.2119095973066
1999,32.0361358479028
2000,30.5215602527869